epoch,class_output_accuracy,class_output_loss,loss,nutrition_output_loss,nutrition_output_mae,val_class_output_accuracy,val_class_output_loss,val_loss,val_nutrition_output_loss,val_nutrition_output_mae
0,0.05417821928858757,4.318727970123291,4.320708751678467,0.017815805971622467,0.017817335203289986,0.11770296841859818,3.8881607055664062,3.8908307552337646,0.016734711825847626,0.016729626804590225
1,0.13199999928474426,3.8336706161499023,3.8352198600769043,0.01656138338148594,0.01655980944633484,0.17239603400230408,3.6242141723632812,3.626316547393799,0.01664106361567974,0.016645073890686035
2,0.186679869890213,3.55338716506958,3.5547409057617188,0.01578233204782009,0.01578073762357235,0.22942574322223663,3.329566717147827,3.3296356201171875,0.015455293469130993,0.01546089444309473
3,0.2301650196313858,3.344006061553955,3.345531463623047,0.015134829096496105,0.01513559091836214,0.24990099668502808,3.2621941566467285,3.2656543254852295,0.015499256551265717,0.015502577647566795
4,0.27078548073768616,3.1691133975982666,3.1703593730926514,0.014604923315346241,0.014605478383600712,0.2968316972255707,3.028602361679077,3.0310192108154297,0.014745581895112991,0.014737456105649471
5,0.3027590811252594,3.02858567237854,3.0299642086029053,0.014117472805082798,0.014116481877863407,0.3004356324672699,3.018418788909912,3.019973039627075,0.014742582105100155,0.014746862463653088
6,0.3342178165912628,2.902707576751709,2.9039931297302246,0.013666749000549316,0.013665720820426941,0.3152475357055664,2.957376480102539,2.95928692817688,0.014289789833128452,0.014286761172115803
7,0.35842904448509216,2.7938437461853027,2.7954461574554443,0.01330490130931139,0.013306261040270329,0.3949702978134155,2.6273446083068848,2.6290009021759033,0.012785487808287144,0.01278684101998806
8,0.3818085789680481,2.7011709213256836,2.702345371246338,0.012953403405845165,0.012953984551131725,0.39988118410110474,2.5962769985198975,2.5992014408111572,0.012898078188300133,0.01290075946599245
9,0.40178218483924866,2.620556592941284,2.6216647624969482,0.012670127674937248,0.012670516036450863,0.4243564307689667,2.495162010192871,2.495832681655884,0.012274378910660744,0.012276283465325832
10,0.41735973954200745,2.555718183517456,2.5568912029266357,0.012405982241034508,0.01240461878478527,0.4152871370315552,2.531770706176758,2.5332963466644287,0.012694954872131348,0.0126956133171916
11,0.4345742464065552,2.485135793685913,2.4859888553619385,0.012104053981602192,0.01210252195596695,0.4631287157535553,2.3457040786743164,2.347273588180542,0.011571773327887058,0.011575517244637012
12,0.44972938299179077,2.430788993835449,2.431758403778076,0.011880150064826012,0.011878869496285915,0.48499009013175964,2.2496578693389893,2.252659559249878,0.011366857215762138,0.011375288479030132
13,0.4638019800186157,2.374444007873535,2.3750691413879395,0.011624806560575962,0.01162317767739296,0.5019009709358215,2.197173595428467,2.198967933654785,0.011034769006073475,0.0110387047752738
14,0.47155115008354187,2.3294756412506104,2.330629587173462,0.011449186131358147,0.01144927553832531,0.5013861656188965,2.184607744216919,2.186677932739258,0.010793793015182018,0.010796750895678997
15,0.48786798119544983,2.2831709384918213,2.2843706607818604,0.011209633201360703,0.01121086161583662,0.498851478099823,2.210096836090088,2.2111856937408447,0.010892054066061974,0.010892991907894611
16,0.4971749186515808,2.2370591163635254,2.2382619380950928,0.011086972430348396,0.011086279526352882,0.5015445351600647,2.193077802658081,2.1948156356811523,0.010977374389767647,0.010984630323946476
17,0.5094257593154907,2.203758478164673,2.2048568725585938,0.0108709167689085,0.010870031081140041,0.5198019742965698,2.1438302993774414,2.1461727619171143,0.01066282857209444,0.010663789696991444
18,0.5147722959518433,2.170013189315796,2.1710634231567383,0.010713653638958931,0.010714463889598846,0.5134653449058533,2.15755033493042,2.1566550731658936,0.010730497539043427,0.010729302652180195
19,0.5236039757728577,2.137155532836914,2.1382193565368652,0.010564145632088184,0.010563826188445091,0.5276435613632202,2.1035895347595215,2.1057496070861816,0.01060800813138485,0.010608474723994732
20,0.5355775356292725,2.1000521183013916,2.1009514331817627,0.010388823226094246,0.010388053953647614,0.5239207744598389,2.121530055999756,2.1209583282470703,0.010646523907780647,0.010648949071764946
21,0.5414257645606995,2.0708632469177246,2.0713789463043213,0.01026141457259655,0.010260934010148048,0.5468118786811829,2.0303895473480225,2.0308170318603516,0.009876221418380737,0.009868885390460491
22,0.5471551418304443,2.0490193367004395,2.0497119426727295,0.01016183290630579,0.010160175152122974,0.562772274017334,1.9785350561141968,1.978607177734375,0.00975948479026556,0.009758903644979
23,0.5568976998329163,2.0143425464630127,2.015416383743286,0.010012205690145493,0.010012058541178703,0.5540990233421326,2.006998300552368,2.0090184211730957,0.009999296627938747,0.010004300624132156
24,0.5619537830352783,1.9954774379730225,1.9960416555404663,0.009900751523673534,0.0098961740732193,0.565227746963501,1.9547706842422485,1.9571144580841064,0.009538429789245129,0.009547152556478977
25,0.5691617131233215,1.9680910110473633,1.9686455726623535,0.00977837573736906,0.009777802973985672,0.542178213596344,2.0661025047302246,2.068237066268921,0.010222728364169598,0.010226801037788391
26,0.5751947164535522,1.9480358362197876,1.9488166570663452,0.009684218093752861,0.0096821254119277,0.5984554290771484,1.8437515497207642,1.8432068824768066,0.008991217240691185,0.008994759991765022
27,0.5806996822357178,1.9242582321166992,1.9250961542129517,0.009552492760121822,0.009549620561301708,0.5901781916618347,1.8799736499786377,1.8820459842681885,0.008946244604885578,0.008949855342507362
28,0.5886204838752747,1.898023247718811,1.8987476825714111,0.00944905262440443,0.009448949247598648,0.5763960480690002,1.9376816749572754,1.9400678873062134,0.009449329227209091,0.009457510896027088
29,0.5939142107963562,1.8751918077468872,1.8756487369537354,0.009333297610282898,0.009331402368843555,0.5743366479873657,1.942704200744629,1.944719672203064,0.00934522319585085,0.009352972730994225
30,0.5951287150382996,1.8669588565826416,1.8676674365997314,0.009280839003622532,0.009281010366976261,0.5819010138511658,1.9210717678070068,1.9236425161361694,0.009089769795536995,0.00909836869686842
31,0.6026138663291931,1.8455969095230103,1.8464723825454712,0.009194644168019295,0.009194995276629925,0.5913663506507874,1.8892499208450317,1.891092300415039,0.009002613835036755,0.009001048281788826
32,0.6063498258590698,1.8291065692901611,1.8301881551742554,0.009084177203476429,0.00908528733998537,0.5779802203178406,1.9259473085403442,1.9272468090057373,0.009152519516646862,0.009156023152172565
33,0.631749153137207,1.7413874864578247,1.7421278953552246,0.008699094876646996,0.008698075078427792,0.6159999966621399,1.8028361797332764,1.8051224946975708,0.008448826149106026,0.008454740978777409
34,0.6320791840553284,1.7275047302246094,1.7281029224395752,0.008624325506389141,0.008622756227850914,0.6195643544197083,1.7848488092422485,1.7869337797164917,0.008270639926195145,0.008273002691566944
35,0.6396567821502686,1.7095394134521484,1.7099695205688477,0.008509229868650436,0.008507794700562954,0.6159207820892334,1.7930330038070679,1.792715311050415,0.00850796140730381,0.008499152958393097
36,0.6423234343528748,1.694588541984558,1.695141077041626,0.008487256243824959,0.008484636433422565,0.605108916759491,1.8411369323730469,1.8402987718582153,0.008681903593242168,0.008680183440446854
37,0.6428514719009399,1.6860229969024658,1.6864594221115112,0.008438403718173504,0.008436151780188084,0.6130297183990479,1.822689175605774,1.8239169120788574,0.008375276811420918,0.008377479389309883
38,0.6465346813201904,1.6761466264724731,1.6768854856491089,0.008357192389667034,0.008355624042451382,0.6070098876953125,1.8367218971252441,1.839053988456726,0.008627913892269135,0.008633986115455627
39,0.6508382558822632,1.6685587167739868,1.6691948175430298,0.008338992483913898,0.00833752378821373,0.6197227835655212,1.792908787727356,1.7946585416793823,0.00830514170229435,0.00830796454101801
40,0.6538349986076355,1.6573680639266968,1.6582003831863403,0.008262784220278263,0.00826249085366726,0.6094653606414795,1.8359360694885254,1.8372948169708252,0.008574591018259525,0.008576881140470505
41,0.6541253924369812,1.6494019031524658,1.6498017311096191,0.008248290047049522,0.008245772682130337,0.6074851751327515,1.8560060262680054,1.8547900915145874,0.008791634812951088,0.008790851570665836
42,0.657874584197998,1.6397212743759155,1.640228033065796,0.008208652958273888,0.008205773308873177,0.5989702939987183,1.8777002096176147,1.8769915103912354,0.008767046965658665,0.00875863153487444
43,0.6624290347099304,1.627079725265503,1.6278138160705566,0.008114766329526901,0.008114542812108994,0.6130692958831787,1.8265013694763184,1.828504204750061,0.008426360785961151,0.008425925858318806
44,0.6600924134254456,1.6245235204696655,1.62520170211792,0.008123417384922504,0.008122635073959827,0.6050692796707153,1.8676424026489258,1.868022084236145,0.008633015677332878,0.00862526148557663
45,0.6616501808166504,1.6164780855178833,1.6171894073486328,0.008086529560387135,0.008086515590548515,0.613346517086029,1.8326630592346191,1.834384799003601,0.00840743724256754,0.008410613983869553
46,0.6754323244094849,1.5709842443466187,1.5718801021575928,0.00789872370660305,0.007898839190602303,0.6310098767280579,1.7697863578796387,1.7719836235046387,0.008030692115426064,0.008035806007683277
47,0.6767920851707458,1.5649993419647217,1.565964937210083,0.007844445295631886,0.007845201529562473,0.6182178258895874,1.8089590072631836,1.8109166622161865,0.008368495851755142,0.008372544310986996
48,0.6812937259674072,1.5543739795684814,1.5549713373184204,0.007788680028170347,0.007788131944835186,0.6261386275291443,1.7762815952301025,1.7783539295196533,0.008120156824588776,0.008128159679472446
49,0.6826666593551636,1.5463309288024902,1.5467442274093628,0.00775277940556407,0.007751717697829008,0.6224554181098938,1.8017146587371826,1.800622820854187,0.008186745457351208,0.008185231126844883
50,0.6814257502555847,1.545976996421814,1.546189546585083,0.007725285366177559,0.007722405716776848,0.6228514909744263,1.8033941984176636,1.8056730031967163,0.00822275597602129,0.008228392340242863
51,0.6819934248924255,1.5421444177627563,1.542884349822998,0.007704760413616896,0.007703427225351334,0.6316039562225342,1.7676141262054443,1.7697569131851196,0.007995357736945152,0.008002941496670246
52,0.6849768757820129,1.539269208908081,1.5394716262817383,0.0077065760269761086,0.007704539690166712,0.6217425465583801,1.7993630170822144,1.8013389110565186,0.008183632045984268,0.00818686094135046
53,0.6862310171127319,1.530782699584961,1.5315380096435547,0.007673843298107386,0.0076741864904761314,0.630811870098114,1.7677472829818726,1.7696926593780518,0.008011032827198505,0.008014802820980549
54,0.6899141669273376,1.5260592699050903,1.5263868570327759,0.007644118275493383,0.007642373442649841,0.6222970485687256,1.8159222602844238,1.8148657083511353,0.008316393941640854,0.008306380361318588
55,0.6882508397102356,1.527226448059082,1.5280303955078125,0.007645735051482916,0.007645190227776766,0.6276435852050781,1.776553750038147,1.7786093950271606,0.008030462078750134,0.008038442581892014
56,0.6913795471191406,1.5136443376541138,1.514420747756958,0.0075953383930027485,0.007593711372464895,0.6218217611312866,1.8048338890075684,1.8071633577346802,0.00818388257175684,0.008190331049263477
57,0.6925280690193176,1.51434326171875,1.5150872468948364,0.007589651271700859,0.007587469182908535,0.6345742344856262,1.7632168531417847,1.7652983665466309,0.007932941429316998,0.007940116338431835
58,0.690666675567627,1.5080337524414062,1.5087451934814453,0.007564771920442581,0.007562429178506136,0.6244356632232666,1.7950621843338013,1.7972538471221924,0.00810681376606226,0.008115259930491447
59,0.6953135132789612,1.505428433418274,1.5058249235153198,0.007548291236162186,0.0075466204434633255,0.6305742859840393,1.773374319076538,1.7746797800064087,0.008013051934540272,0.008008349686861038
60,0.6953531503677368,1.5044543743133545,1.5051665306091309,0.007511765696108341,0.0075119477696716785,0.624554455280304,1.8041448593139648,1.8040714263916016,0.008137946017086506,0.008137160912156105
61,0.6963168382644653,1.4978667497634888,1.4983940124511719,0.007512660231441259,0.007511543110013008,0.6247128844261169,1.8001552820205688,1.8000237941741943,0.008070578798651695,0.008069624193012714
62,0.6959735751152039,1.4949162006378174,1.4953478574752808,0.007471188437193632,0.007470106706023216,0.6226930618286133,1.8175212144851685,1.8165298700332642,0.008121036924421787,0.008111274801194668
63,0.6970956921577454,1.4869577884674072,1.4871795177459717,0.0074534062296152115,0.007451651152223349,0.6187722682952881,1.8192886114120483,1.821593165397644,0.00816453155130148,0.008169787004590034
64,0.7040659785270691,1.4744112491607666,1.475110411643982,0.00738285668194294,0.007382204756140709,0.6328712701797485,1.7783176898956299,1.776824712753296,0.007890580222010612,0.00788295641541481
65,0.7043828368186951,1.4689205884933472,1.4694308042526245,0.007359903305768967,0.0073584155179560184,0.6344950199127197,1.776790976524353,1.775215983390808,0.007851089350879192,0.007846719585359097
66,0.70464688539505,1.4656468629837036,1.4665898084640503,0.007341452408581972,0.007342737168073654,0.6333861351013184,1.773700475692749,1.7757657766342163,0.007868455722928047,0.007877037860453129
67,0.7079735994338989,1.4560728073120117,1.4565167427062988,0.007304318714886904,0.007301765028387308,0.6315643787384033,1.77823805809021,1.7797175645828247,0.00795174203813076,0.007947921752929688
68,0.7078019976615906,1.4587340354919434,1.4592729806900024,0.007303373888134956,0.007303536869585514,0.6345346570014954,1.7746597528457642,1.7763127088546753,0.007920664735138416,0.00792152900248766
69,0.7087260484695435,1.454008936882019,1.454846978187561,0.007298260927200317,0.007298498414456844,0.6359999775886536,1.7584623098373413,1.7605763673782349,0.007775797974318266,0.007783527486026287
70,0.7099670171737671,1.4508055448532104,1.4511182308197021,0.0072429487481713295,0.007241475861519575,0.6359604001045227,1.7602555751800537,1.7622889280319214,0.007824783213436604,0.007830827496945858
71,0.7095313668251038,1.4501938819885254,1.4504832029342651,0.0072570121847093105,0.007252815179526806,0.636554479598999,1.7594010829925537,1.7615835666656494,0.007761083077639341,0.007765522692352533
72,0.710838258266449,1.4444551467895508,1.4450677633285522,0.007243143394589424,0.007242264691740274,0.6368317008018494,1.7617312669754028,1.7638753652572632,0.007825471460819244,0.007832554168999195
73,0.7107722759246826,1.4433337450027466,1.4438265562057495,0.007267629727721214,0.007264097221195698,0.6305742859840393,1.7950541973114014,1.7971124649047852,0.007967948913574219,0.0079765310510993
74,0.7114323377609253,1.4441269636154175,1.4445600509643555,0.007225017063319683,0.0072233169339597225,0.6312079429626465,1.785452127456665,1.786083698272705,0.007867556065320969,0.007856626063585281
75,0.7111155390739441,1.440331220626831,1.4409998655319214,0.007206990849226713,0.007206247188150883,0.6329109072685242,1.7779420614242554,1.7789418697357178,0.00786749180406332,0.007869059219956398
76,0.7134785652160645,1.4416069984436035,1.4417850971221924,0.0071945772506296635,0.007190157193690538,0.6335445642471313,1.7870197296142578,1.7866266965866089,0.007918749004602432,0.007907317951321602
77,0.7134785652160645,1.439274787902832,1.440069556236267,0.007206910289824009,0.007206932175904512,0.628673255443573,1.8010534048080444,1.8032221794128418,0.007972893305122852,0.007978939451277256
78,0.7155511379241943,1.431006669998169,1.4313616752624512,0.00716808857396245,0.007166629657149315,0.6345346570014954,1.7708477973937988,1.7730296850204468,0.007817601785063744,0.007821522653102875
79,0.718297004699707,1.4217557907104492,1.421942114830017,0.0071147591806948185,0.007111765444278717,0.6381385922431946,1.7599736452102661,1.7602789402008057,0.00774182565510273,0.007739680353552103
80,0.7179802060127258,1.4222707748413086,1.4226876497268677,0.007098648231476545,0.007096115034073591,0.6378217935562134,1.7621643543243408,1.7641624212265015,0.007754251826554537,0.007762659806758165
81,0.7188382744789124,1.4195038080215454,1.4200561046600342,0.007098306901752949,0.0070960381999611855,0.6335445642471313,1.7755237817764282,1.7777292728424072,0.007815972901880741,0.007821622304618359
82,0.7183630466461182,1.4186590909957886,1.4189738035202026,0.007098143920302391,0.0070961639285087585,0.6372277140617371,1.771155834197998,1.7730131149291992,0.007798115257173777,0.0078007131814956665
83,0.7189570665359497,1.4168682098388672,1.4172085523605347,0.0070702191442251205,0.00706796208396554,0.6384950280189514,1.7609765529632568,1.7631638050079346,0.007737419102340937,0.007742997724562883
84,0.7221386432647705,1.4118678569793701,1.4124506711959839,0.00706903450191021,0.007066818885505199,0.6355643272399902,1.7753177881240845,1.776335597038269,0.007790842093527317,0.007791854441165924
85,0.7208845019340515,1.414512276649475,1.4146682024002075,0.0070690554566681385,0.007066737394779921,0.6379010081291199,1.7605810165405273,1.7626533508300781,0.007707815617322922,0.007714895531535149
86,0.7205808758735657,1.412530541419983,1.4129074811935425,0.007082907948642969,0.007082266733050346,0.6371881365776062,1.7669342756271362,1.7690925598144531,0.007767490576952696,0.007770898286253214
87,0.7196699380874634,1.4143141508102417,1.41498601436615,0.007084536366164684,0.007084173150360584,0.6400792002677917,1.7560842037200928,1.758260726928711,0.007687194272875786,0.007695150561630726
88,0.7223102450370789,1.4162800312042236,1.4168145656585693,0.007090593688189983,0.007088926620781422,0.6345742344856262,1.776657223701477,1.7759826183319092,0.007798437029123306,0.0077924588695168495
89,0.7206864953041077,1.4105513095855713,1.4110559225082397,0.0070561934262514114,0.00705516105517745,0.638534665107727,1.769708514213562,1.770041823387146,0.007753019221127033,0.007750493008643389
90,0.722943902015686,1.4106471538543701,1.4108216762542725,0.007050474174320698,0.007050263229757547,0.6374257206916809,1.768394947052002,1.770664095878601,0.007748018484562635,0.007754453923553228
91,0.7208316922187805,1.4115269184112549,1.4119808673858643,0.007068391423672438,0.0070656961761415005,0.6366732716560364,1.7761422395706177,1.7750844955444336,0.007744894828647375,0.007743565831333399
92,0.7195907831192017,1.4125103950500488,1.4130324125289917,0.007079760078340769,0.007078297436237335,0.6389703154563904,1.7643355131149292,1.7645503282546997,0.00770887965336442,0.007706169039011002
93,0.7233663201332092,1.406843900680542,1.4069145917892456,0.007033827248960733,0.007032437715679407,0.6394059658050537,1.7628668546676636,1.7618433237075806,0.007701765280216932,0.0077003552578389645
94,0.7249637246131897,1.40205979347229,1.4024038314819336,0.007006476167589426,0.007004371378570795,0.636396050453186,1.7760390043258667,1.7771188020706177,0.007765448186546564,0.007758921943604946
95,0.7223630547523499,1.4027069807052612,1.4031668901443481,0.007004328537732363,0.007002220489084721,0.6358811855316162,1.776759147644043,1.7756619453430176,0.007795785553753376,0.0077943201176822186
96,0.7246072888374329,1.3987678289413452,1.3994214534759521,0.007030331529676914,0.00702871335670352,0.6390098929405212,1.7616255283355713,1.7638039588928223,0.007719740737229586,0.0077239228412508965
97,0.7242244482040405,1.4014991521835327,1.4021563529968262,0.007009088061749935,0.007007723208516836,0.6377821564674377,1.772804856300354,1.7750153541564941,0.007760124746710062,0.007765681948512793
98,0.723986804485321,1.3983782529830933,1.399004578590393,0.00700701167806983,0.007007104344666004,0.6366732716560364,1.7719694375991821,1.7738946676254272,0.007755122147500515,0.0077583324164152145
99,0.7240791916847229,1.400704264640808,1.4011644124984741,0.006987760309129953,0.006986227352172136,0.6379405856132507,1.77152419090271,1.7708193063735962,0.007746712304651737,0.00774008734151721
